--c
INSERT INTO Employees VALUES
('EM001', 'EM001', 'Male', 'Alvin Timothy', 'Jl. Bintang No. 13'),
('EM002', 'EM002', 'Male', 'Barry', 'Jl. Bulan No. 15'),
('EM003', 'EM001', 'Male', 'David Guetta', 'Jl. Apel No. 9'),
('EM004', 'EM001', 'Female','Emelly Louis', 'Jl. Kelapa Gading No. 18'),
('EM005', 'EM001', 'Female','Kylie', 'Jl. Mangga Dua No. 2'),
('EM006', 'EM001', 'Female', 'Kendall', 'Jl. Timur No. 4'),
('EM007', 'EM001', 'Female', 'Dewi', 'Jl. Mutiara  No. 12'),
('EM008', 'EM001', 'Male', 'Dewa', 'Jl. Kalimantan No. 21'),
('EM009', 'EM002', 'Female', 'Julia Darmawan Wijaya', 'Jl. Bogor No. 19a'),
('EM010', 'EM002', 'Female', 'Lilie', 'Jl. Kemanggisan No. 19'),
('EM011', 'EM002', 'Female', 'Kartika Sari', 'Jl. Mawar No. 17'),
('EM012', 'EM002', 'Male', 'Joko Tarung', 'Jl. Palmerah No. 11'),
('EM013', 'EM002', 'Male', 'Jaxith', 'Jl. Ragunan No. 21'),
('EM014', 'EM002', 'Male', 'Ryan Timotius Ronald', 'Jl. Melati No. 10'),
('EM015', 'EM002', 'Female', 'Halim Wijaya', 'Jl. Kelapa Dua No. 16')

INSERT INTO Supplier VALUES
('SU001', 'Male', 'Albert', 'Jl. Timah No. 23'),
('SU002', 'Female', 'Beatrice Hartono', 'Jl. Logam No. 21'),
('SU003',  'Male', 'Charles', 'Jl. Besi No. 12'),
('SU004', 'Female', 'Dennis', 'Jl. Tembaga No. 7'),
('SU005', 'Male', 'Erick', 'Jl. Halo No. 1'),
('SU006', 'Female', 'Felice', 'Jl. Intan No. 34'),
('SU007', 'Male', 'Harry Hartono', 'Jl. Barium No. 4'),
('SU008', 'Male', 'Ivan', 'Jl. Kasium No. 15'),
('SU009', 'Male', 'Jericho', 'Jl. Natrium No. 10'),
('SU010', 'Male', 'Kelvin Setiadi', 'Jl. Magnesium No. 17'),
('SU011', 'Male', 'Lewis', 'Jl. Francium No. 3'),
('SU012', 'Female', 'Michelle', 'Jl. Nitrogen No. 56'),
('SU013', 'Male', 'Nicholas', 'Jl. Nikel No. 6'),
('SU014', 'Male', 'Owen Wicaksono Abadi', 'Jl. Neon No. 9'),
('SU015', 'Male', 'Richard', 'Jl. Titanium No. 55')

INSERT INTO Ingredient VALUES
('IN001', 'Telur', 3000),
('IN002', 'Tepung', 5000),
('IN003', 'Ayam', 25000),
('IN004', 'Penyedap Rasa', 2000),
('IN005', 'Air', 6000),
('IN006', 'Garam', 5000),
('IN007', 'Udang', 20000),
('IN008', 'Mie Kuning', 5000),
('IN009', 'Sawi Putih', 4000),
('IN010', 'Daging Sapi', 28000),
('IN011', 'Bawang Merah', 1000),
('IN012', 'Bawang Putih', 2000),
('IN013', 'Bawang Bombay', 3000),
('IN014', 'Kubis', 9000),
('IN015', 'Sosis', 1500)

INSERT INTO Customer VALUES
('CU001', 'Elvin', 'Male', 'Jl. Diponegoro No.100'),
('CU002', 'Winston', 'Male', 'Jl. Veteran IV Blok 1A'),
('CU003', 'William Wijaya', 'Male', 'Jl. Pramuka No. 13'),
('CU004', 'Susanti', 'Female', 'Jl. Sejati No. 20'),
('CU005', 'Roni', 'Male', 'Jl. Pahlawan No. 19'),
('CU006', 'Rina Nose', 'Female', 'Jl. Teuku Umar No. 18'),
('CU007', 'Dodi', 'Male', 'Jl. Mekarsari No. 19'),
('CU008', 'Serena Meilani', 'Female', 'Jl. Bogor Raya V No. 12'),
('CU009', 'Budi', 'Male', 'Jl. Kartini Satu No. 3'),
('CU010', 'Belle', 'Female', 'Jl. Sunda Kelapa No. 16'),
('CU011', 'Ivy Joe', 'Female', 'Jl. Pondok Kelapa No. 14a'),
('CU012', 'Alya', 'Female', 'Jl. Jambu No. 17'),
('CU013', 'Harian Hartono', 'Male', 'Jl. Mangga No. 9'),
('CU014', 'Robin', 'Male', 'Jl. Melati No. 34'),
('CU015', 'Ava', 'Female', 'Jl. Biru No. 12')

INSERT INTO NoodleType VALUES
('NT001', 'Thin Noodle', 'China'),
('NT002', 'Extra Thin Noodle', 'Japan'),
('NT003', 'Extra Long Noodle', 'Italy'),
('NT004', 'Thick Noodle', 'Singapore'),
('NT005', 'Flat Noodle', 'China'),
('NT006', 'Medium Noodle', 'Indonesia'),
('NT007', 'Curly Noodle', 'Italy'),
('NT008', 'Udon Noodle', 'Japan'),
('NT009', 'Glass Noodle', 'China'),
('NT010', 'Soft Noodle', 'Malaysia'),
('NT011', 'Extra Thick Noodle', 'Singapore'),
('NT012', 'Yellow Noodle', 'Indonesia'),
('NT013', 'Rice Noodle', 'Korea'),
('NT014', 'Vegatarian Noodle', 'China'),
('NT015', 'Non-halal Noodle', 'Indonesia')

INSERT INTO Noodle VALUES
('NO001', 'Regular Beef Noodle', 16000, 'NT001'),
('NO002', 'Spicy Beef Noodle', 24000, 'NT001'),
('NO003', 'Spicy Wonton Noodle', 22000, 'NT002'),
('NO004', 'Japanese Soba Noodle', 35000, 'NT003'),
('NO005', 'Thai Noodle', 25000, 'NT003'),
('NO006', 'Spicy Thai Beef Noodle', 30000, 'NT003'),
('NO007', 'Tom Yam Noodle', 37000, 'NT004'),
('NO008', 'Regular Chicken Noodle', 20000, 'NT004'),
('NO009', 'Spicy Chicken Noodle', 20000, 'NT005'),
('NO010', 'Regular Miso Noodle', 16000, 'NT006'),
('NO011', 'Spicy Miso Noodle', 16000, 'NT006'),
('NO012', 'Japanese Miso Noodle', 30000, 'NT007'),
('NO013', 'Italian Noodle', 20000, 'NT007'),
('NO014', 'Ifu Noodle', 30000, 'NT008'),
('NO015', 'Chinese traditional Noodle', 16000, 'NT008')

INSERT INTO Purchase_Transaction_Header VALUES
('PU001', 'EM001', 'SU001', '2020-11-23'),
('PU002', 'EM001', 'SU001', '2020-12-13'),
('PU003', 'EM001', 'SU003', '2020-11-22'),
('PU004', 'EM001', 'SU004', '2020-09-09'),
('PU005', 'EM001', 'SU005', '2020-10-11'),
('PU006', 'EM002', 'SU006', '2020-12-15'),
('PU007', 'EM002', 'SU007', '2020-11-20'),
('PU008', 'EM002', 'SU008', '2020-10-03'),
('PU009', 'EM002', 'SU001', '2020-09-25'),
('PU010', 'EM002', 'SU010', '2020-09-20'),
('PU011', 'EM002', 'SU011', '2020-12-10'),
('PU012', 'EM002', 'SU012', '2020-05-19'),
('PU013', 'EM001', 'SU001', '2020-04-18'),
('PU014', 'EM001', 'SU001', '2020-04-12'),
('PU015', 'EM001', 'SU001', '2020-03-01')

INSERT INTO Purchase_Transaction_Detail VALUES
('PU001', 'IN001', 200),
('PU002', 'IN002', 22),
('PU003', 'IN003', 10),
('PU004', 'IN004', 20),
('PU005', 'IN005', 50),
('PU006', 'IN006', 22),
('PU007', 'IN007', 28),
('PU008', 'IN008', 80),
('PU009', 'IN009', 100),
('PU010', 'IN010', 110),
('PU011', 'IN011', 90),
('PU012', 'IN012', 19),
('PU013', 'IN013', 18),
('PU014', 'IN014', 25),
('PU015', 'IN005', 28),
('PU010', 'IN007', 30),
('PU011', 'IN012', 52),
('PU005', 'IN013', 85),
('PU009', 'IN003', 54),
('PU001', 'IN015', 4),
('PU002', 'IN015', 2),
('PU015', 'IN015', 1),
('PU014', 'IN015', 2),
('PU013', 'IN015', 3),
('PU009', 'IN015', 4)

INSERT INTO Sales_Transaction_Header VALUES
('TR001', 'EM001', 'CU013', '2020-04-01'),
('TR002', 'EM001', 'CU013', '2020-12-01'),
('TR003', 'EM002', 'CU001', '2020-03-02'),
('TR004', 'EM002', 'CU011', '2020-05-04'),
('TR005', 'EM003', 'CU002', '2020-06-25'),
('TR006', 'EM003', 'CU003', '2020-07-03'),
('TR007', 'EM004', 'CU004', '2020-08-21'),
('TR008', 'EM004', 'CU005', '2020-09-15'),
('TR009', 'EM005', 'CU001', '2020-10-22'),
('TR010', 'EM005', 'CU001', '2020-11-08'),
('TR011', 'EM006', 'CU007', '2020-01-05'),
('TR012', 'EM006', 'CU008', '2020-02-29'),
('TR013', 'EM007', 'CU009', '2020-05-25'),
('TR014', 'EM007', 'CU010', '2020-12-23'),
('TR015', 'EM008', 'CU015', '2020-05-26') 

INSERT INTO Sales_Transaction_Detail VALUES
('TR001', 'NO001', 20),
('TR001', 'NO002', 20),
('TR003', 'NO003', 50),
('TR004', 'NO004', 100),
('TR005', 'NO005', 80),
('TR006', 'NO006', 10),
('TR007', 'NO005', 55),
('TR008', 'NO008', 25),
('TR009', 'NO005', 26),
('TR010', 'NO010', 28),
('TR011', 'NO011', 24),
('TR012', 'NO012', 25),
('TR013', 'NO013', 26),
('TR014', 'NO014', 80),
('TR015', 'NO005', 200),
('TR010', 'NO001', 100),
('TR011', 'NO010', 150),
('TR012', 'NO005', 60),
('TR005', 'NO015', 100),
('TR006', 'NO012', 500),
('TR014', 'NO005', 300),
('TR011', 'NO007', 20),
('TR002', 'NO005', 50),
('TR001', 'NO010', 40),
('TR001', 'NO011', 50)
